City_ID,City,Lat,Lon,Max Temp,Humidity,Cloudiness,Wind Speed,Country,Date
0,bejar,40.3864,-5.7634,8.1,90,81,1.09,ES,1670384534
1,chokurdakh,70.6333,147.9167,-20.87,97,100,1.13,RU,1670384535
2,barrow,71.2906,-156.7887,-8.99,79,100,9.26,US,1670384535
3,albany,42.6001,-73.9662,11.43,93,100,3.13,US,1670384249
4,kapaa,22.0752,-159.319,27.18,86,100,5.14,US,1670384536
5,punta arenas,-53.15,-70.9167,5.06,56,40,5.14,CL,1670384536
6,ponta do sol,32.6667,-17.1,21.35,94,90,5.54,PT,1670384537
7,bonthe,7.5264,-12.505,25.52,86,5,1.21,SL,1670384537
8,vaini,-21.2,-175.2,29.09,79,75,3.09,TO,1670384538
9,busselton,-33.65,115.3333,24.12,33,1,0.73,AU,1670384538
10,alofi,-19.0595,-169.9187,27.94,78,75,2.06,NU,1670384539
11,dunedin,-45.8742,170.5036,9.33,66,93,0.89,NZ,1670384501
12,nikolskoye,59.7035,30.7861,-5.05,92,100,4.24,RU,1670384539
13,te anau,-45.4167,167.7167,20.11,52,75,2.62,NZ,1670384540
14,lagoa,39.05,-27.9833,14.36,78,98,15.86,PT,1670384540
15,vershino-darasunskiy,52.35,115.5167,-12.84,64,7,3.52,RU,1670384541
16,hilo,19.7297,-155.09,24.85,88,20,2.57,US,1670384541
17,cape town,-33.9258,18.4232,15.62,82,0,1.03,ZA,1670384079
18,fortuna,40.5982,-124.1573,4.81,96,0,3.09,US,1670384364
19,vestmannaeyjar,63.4427,-20.2734,0.78,72,19,8.75,IS,1670384541
20,ivdel,60.6911,60.4206,-18.5,93,44,1.81,RU,1670384542
21,mahebourg,-20.4081,57.7,26.81,83,75,5.66,MU,1670384542
22,kahului,20.8947,-156.47,27.13,67,40,3.58,US,1670384413
23,impfondo,1.6381,18.0667,22.06,89,91,1.02,CG,1670384543
24,jamestown,42.097,-79.2353,6.77,79,100,3.09,US,1670384543
25,qaanaaq,77.484,-69.3632,-1.91,95,100,5.59,GL,1670384544
26,matamoros,25.5333,-103.25,22.06,43,0,0.0,MX,1670384544
27,puerto ayora,-0.7393,-90.3518,19.19,91,22,0.45,EC,1670384545
28,biloela,-24.4167,150.5,37.43,21,0,3.33,AU,1670384545
29,veraval,20.9,70.3667,24.51,47,0,5.59,IN,1670384545
30,pacific grove,36.6177,-121.9166,9.25,88,0,2.06,US,1670384546
31,tuktoyaktuk,69.4541,-133.0374,-28.0,69,20,5.66,CA,1670384546
32,avarua,-21.2078,-159.775,24.03,88,40,6.17,CK,1670384382
33,portland,45.5234,-122.6762,5.82,90,100,0.45,US,1670383999
34,provideniya,64.3833,-173.3,-2.94,74,40,8.05,RU,1670384547
35,sao filipe,14.8961,-24.4956,22.88,76,16,2.06,CV,1670384548
36,waingapu,-9.6567,120.2641,30.5,58,38,3.97,ID,1670384548
37,palu,-0.8917,119.8707,27.69,88,94,1.2,ID,1670384548
38,nishihara,26.1842,127.7558,21.81,64,20,7.72,JP,1670384549
39,sandakan,5.8402,118.1179,28.82,79,40,1.03,MY,1670384056
40,mar del plata,-38.0023,-57.5575,19.01,78,40,5.66,AR,1670383926
41,otavi,-19.65,17.3333,19.05,18,51,1.73,NA,1670384549
42,dikson,73.5069,80.5464,-15.93,92,100,5.76,RU,1670384550
43,hualmay,-11.0964,-77.6139,18.63,87,75,2.91,PE,1670384550
44,okha,53.5739,142.9478,-14.1,80,89,7.12,RU,1670384551
45,nara,34.6851,135.8049,11.94,29,97,5.34,JP,1670384551
46,daru,-9.0763,143.2092,29.54,59,100,3.8,PG,1670384551
47,muskogee,35.5834,-95.3336,11.09,88,100,2.57,US,1670384552
48,buenos aires,-34.6132,-58.3772,27.85,65,0,3.6,AR,1670384400
49,khandyga,62.6667,135.6,-31.94,98,100,0.58,RU,1670384439
50,key west,24.5557,-81.7826,27.0,77,20,2.24,US,1670384429
51,victoria,22.2855,114.1577,21.81,70,31,5.36,HK,1670384168
52,hithadhoo,-0.6,73.0833,27.65,76,88,5.4,MV,1670384553
53,fuxin,42.0156,121.6589,-0.16,29,0,5.41,CN,1670384553
54,east london,-33.0153,27.9116,17.52,88,0,2.57,ZA,1670384553
55,ushuaia,-54.8,-68.3,3.81,56,75,1.54,AR,1670383959
56,bluff,-46.6,168.3333,17.67,61,45,9.09,NZ,1670384554
57,mataura,-46.1927,168.8643,17.49,37,8,3.76,NZ,1670384554
58,datong,40.0936,113.2914,-2.76,24,97,0.43,CN,1670384504
59,belen,36.4891,36.2233,6.08,100,75,1.03,TR,1670384391
60,den helder,52.9599,4.7593,6.1,78,75,6.71,NL,1670384555
61,vila velha,-20.3297,-40.2925,23.97,90,40,3.6,BR,1670384555
62,huarmey,-10.0681,-78.1522,18.75,87,69,2.93,PE,1670384556
63,faanui,-16.4833,-151.75,26.91,75,20,7.73,PF,1670384556
64,port blair,11.6667,92.75,28.02,78,75,3.09,IN,1670384557
65,aklavik,68.2191,-135.0107,-21.25,88,100,5.3,CA,1670384557
66,norman wells,65.282,-126.8329,-31.98,68,75,1.03,CA,1670384557
67,kruisfontein,-34.0033,24.7314,16.74,71,0,1.08,ZA,1670384558
68,kastamonu,41.5,33.6667,0.79,85,58,0.08,TR,1670384558
69,hobart,-42.8794,147.3294,17.37,67,40,8.23,AU,1670384420
70,lichuan,30.3,108.85,6.56,71,99,0.76,CN,1670384559
71,nome,64.5011,-165.4064,-6.96,79,0,5.66,US,1670384559
72,saint-philippe,-21.3585,55.7679,25.77,78,81,6.16,RE,1670384559
73,hobyo,5.3505,48.5268,26.22,79,97,6.71,SO,1670384560
74,butaritari,3.0707,172.7902,27.01,79,99,4.92,KI,1670384560
75,clyde river,70.4692,-68.5914,-13.87,85,20,1.54,CA,1670384488
76,qurayyat,31.3318,37.3428,10.1,87,40,3.09,SA,1670384561
77,yuli,9.6989,10.2744,21.54,26,100,3.03,NG,1670384561
78,jaisalmer,26.9147,70.9181,20.58,18,0,1.82,IN,1670384562
79,walvis bay,-22.9575,14.5053,15.61,82,0,2.57,NA,1670384562
80,kongsberg,59.6652,9.6465,-4.21,85,100,1.55,NO,1670384562
81,ribeira grande,38.5167,-28.7,13.76,81,100,9.83,PT,1670384563
82,fairbanks,64.8378,-147.7164,-10.0,88,100,1.54,US,1670384482
83,ratnagiri,16.9833,73.3,27.34,39,46,2.91,IN,1670384563
84,nsanje,-16.92,35.262,26.43,69,27,1.44,MW,1670384563
85,port elizabeth,-33.918,25.5701,15.17,97,0,1.54,ZA,1670384564
86,ishigaki,24.3448,124.1572,24.07,73,75,9.77,JP,1670384564
87,tambura,5.6,27.4667,21.35,47,5,1.25,SS,1670384564
88,ulladulla,-35.35,150.4667,28.02,32,70,5.2,AU,1670384565
89,guerrero negro,27.9769,-114.0611,15.73,69,25,5.17,MX,1670384565
90,carnarvon,-24.8667,113.6333,23.65,64,42,6.9,AU,1670384566
91,hermanus,-34.4187,19.2345,15.81,67,0,1.59,ZA,1670384566
92,xuanzhou,30.9525,118.7553,8.81,81,100,1.35,CN,1670384566
93,buncrana,55.1333,-7.45,5.16,67,99,2.89,IE,1670384567
94,namibe,-15.1961,12.1522,20.27,83,24,2.95,AO,1670384567
95,sitka,57.0531,-135.33,5.94,87,100,3.6,US,1670384567
96,cadiz,36.5,-5.75,9.86,95,65,1.27,ES,1670384568
97,takoradi,4.8845,-1.7554,25.49,88,97,2.63,GH,1670384568
98,sawakin,19.1059,37.3321,24.75,76,67,3.65,SD,1670384568
99,nanakuli,21.3906,-158.1547,26.97,67,20,4.12,US,1670384569
100,hanzhong,33.0728,107.0303,9.65,52,79,0.9,CN,1670384569
101,bengkulu,-3.8004,102.2655,28.43,67,99,2.41,ID,1670384570
102,saskylakh,71.9167,114.0833,-32.36,93,67,5.54,RU,1670384570
103,yellowknife,62.456,-114.3525,-33.58,68,75,2.06,CA,1670384570
104,kaitangata,-46.2817,169.8464,14.85,59,3,8.16,NZ,1670384571
105,tiksi,71.6872,128.8694,-33.59,100,100,2.05,RU,1670384571
106,pangnirtung,66.1451,-65.7125,-11.47,87,80,3.19,CA,1670384571
107,asfi,32.2994,-9.2372,17.91,73,100,3.13,MA,1670384572
108,saldanha,-33.0117,17.9442,9.03,84,0,1.37,ZA,1670384572
109,marigot,18.0667,-63.0833,25.88,65,20,3.09,MF,1670384572
110,axim,4.8699,-2.2405,26.41,81,97,3.14,GH,1670384545
111,nikel,69.4128,30.222,-1.9,96,100,2.75,RU,1670384573
112,pimentel,-6.8367,-79.9342,17.94,88,92,5.23,PE,1670384573
113,dicabisagan,17.0818,122.4157,27.89,76,35,2.5,PH,1670384573
114,vancouver,49.2497,-123.1193,2.79,96,100,1.54,CA,1670384313
115,rikitea,-23.1203,-134.9692,24.13,81,9,9.15,PF,1670384574
116,arraial do cabo,-22.9661,-42.0278,21.98,94,100,5.14,BR,1670384574
117,kralendijk,12.15,-68.2667,23.99,88,37,2.06,BQ,1670384575
118,airai,-8.9266,125.4092,25.47,38,64,1.55,TL,1670384575
119,thompson,55.7435,-97.8558,-28.91,69,20,4.12,CA,1670384282
120,castro,-24.7911,-50.0119,17.22,94,4,0.69,BR,1670384575
121,tecoanapa,16.5167,-98.75,25.1,80,25,1.63,MX,1670384576
122,rabo de peixe,37.8,-25.5833,13.73,98,40,9.26,PT,1670384576
123,cidreira,-30.1811,-50.2056,20.65,84,59,2.38,BR,1670384577
124,atuona,-9.8,-139.0333,24.88,81,37,6.69,PF,1670384577
125,kysyl-syr,63.8986,122.7617,-23.63,97,100,3.91,RU,1670384577
126,haines junction,60.7522,-137.5108,-3.67,98,100,0.32,CA,1670384578
127,bredasdorp,-34.5322,20.0403,14.85,75,0,1.05,ZA,1670384578
128,padang,-0.9492,100.3543,26.03,87,100,3.72,ID,1670384578
129,ostrovnoy,68.0531,39.5131,-3.34,92,70,9.28,RU,1670384579
130,skibbereen,51.55,-9.2667,4.5,82,75,4.03,IE,1670384579
131,la romana,18.4273,-68.9728,21.2,100,40,2.06,DO,1670384579
132,sunrise,26.1577,-80.2861,25.01,78,40,2.57,US,1670384580
133,cayenne,4.9333,-52.3333,24.02,94,0,1.03,GF,1670384580
134,kalmunai,7.4167,81.8167,24.85,84,100,7.72,LK,1670384581
135,los llanos de aridane,28.6585,-17.9182,18.86,98,75,7.72,ES,1670384581
136,petropavlovsk-kamchatskiy,53.0452,158.6483,-2.67,74,75,1.0,RU,1670384582
137,nevyansk,57.4953,60.2112,-19.11,98,21,1.98,RU,1670384582
138,mata,40.683,-7.4592,6.63,97,90,1.54,PT,1670384583
139,labuhan,-6.8844,112.2051,29.92,64,99,1.13,ID,1670384583
140,kathor,21.3,72.9333,20.89,51,1,4.08,IN,1670384583
141,yantikovo,55.8216,47.9104,-12.6,92,70,2.56,RU,1670384584
142,goderich,43.7501,-81.7165,4.95,93,100,0.51,CA,1670384584
143,cairns,-16.9167,145.7667,37.81,60,48,4.63,AU,1670384320
144,daura,11.5538,11.4085,19.72,30,88,4.88,NG,1670384585
145,khatanga,71.9667,102.5,-27.18,98,96,4.02,RU,1670384585
146,tulun,54.5611,100.5792,-9.55,67,100,5.97,RU,1670384585
147,sao joao da barra,-21.6403,-41.0511,22.24,94,100,3.99,BR,1670384586
148,mattru,7.6244,-11.8332,23.47,97,2,0.45,SL,1670384480
149,upernavik,72.7868,-56.1549,-4.67,86,97,5.01,GL,1670384586
150,asau,46.4333,26.4,2.51,95,99,2.2,RO,1670384587
151,bethel,41.3712,-73.414,13.05,87,100,3.6,US,1670384587
152,jiaojiang,28.6803,121.4428,15.0,72,100,2.85,CN,1670384588
153,lavrentiya,65.5833,-171.0,-7.3,76,94,3.35,RU,1670384588
154,bambous virieux,-20.3428,57.7575,26.79,83,75,5.66,MU,1670384588
155,lasa,46.6166,10.7002,-3.32,82,26,2.13,IT,1670384589
156,san carlos park,26.4673,-81.8015,22.76,82,0,3.09,US,1670384589
157,ilulissat,69.2167,-51.1,1.01,64,100,7.72,GL,1670384590
158,champerico,14.3,-91.9167,25.49,79,5,2.74,GT,1670384590
159,chuy,-33.6971,-53.4616,16.81,95,0,2.51,UY,1670384590
160,tilichiki,60.4667,166.1,-11.23,79,94,2.23,RU,1670384591
161,miandrivazo,-19.5167,45.4667,25.99,72,4,0.54,MG,1670384591
162,solotcha,54.7917,39.8442,-10.36,80,36,3.56,RU,1670384592
163,pabna,24.0,89.25,23.21,36,70,3.67,BD,1670384532
164,samarai,-10.6167,150.6667,29.12,70,98,4.38,PG,1670384592
165,port alfred,-33.5906,26.891,15.66,91,0,5.52,ZA,1670384592
166,honningsvag,70.9821,25.9704,1.86,87,75,7.72,NO,1670384593
167,haimen,23.1935,116.6142,19.94,61,0,4.72,CN,1670384593
168,ancud,-41.8697,-73.8203,13.04,86,100,3.26,CL,1670384594
169,lazaro cardenas,17.9583,-102.2,25.91,77,19,0.85,MX,1670384594
170,mount pleasant,32.7941,-79.8626,18.33,97,20,0.0,US,1670384017
171,vostok,46.4856,135.8833,-11.51,85,100,4.14,RU,1670384595
172,coihaique,-45.5752,-72.0662,9.34,87,0,0.0,CL,1670384595
173,saint george,37.1041,-113.5841,9.41,78,75,2.57,US,1670384596
174,leo,11.1,-2.1,22.13,21,25,3.2,BF,1670384596
175,astaneh-ye ashrafiyeh,37.2596,49.9444,6.96,88,100,2.52,IR,1670384597
176,paris,48.8534,2.3488,1.4,97,100,2.06,FR,1670384474
177,roald,62.5833,6.1333,2.64,64,20,4.63,NO,1670384597
178,moron,-34.6534,-58.6198,27.86,66,0,3.05,AR,1670384598
179,adrar,20.5022,-10.0711,23.32,36,0,2.75,MR,1670384598
180,saint-pierre,-21.3393,55.4781,26.62,73,0,8.75,RE,1670384599
181,ligayan,4.6533,119.4706,27.86,72,85,2.04,PH,1670384599
182,longyearbyen,78.2186,15.6401,-17.54,83,3,2.12,SJ,1670384504
183,kavieng,-2.5744,150.7967,28.49,73,93,5.01,PG,1670384600
184,kulhudhuffushi,6.6221,73.07,27.3,75,83,3.52,MV,1670384600
185,kabanjahe,3.1001,98.4908,21.16,85,100,1.3,ID,1670384601
186,new norfolk,-42.7826,147.0587,17.17,39,55,2.24,AU,1670384601
187,henties bay,-22.116,14.2845,12.79,94,24,1.52,NA,1670384601
188,matay,28.419,30.7792,13.06,79,0,2.64,EG,1670384602
189,fernandez,-27.9204,-63.8935,30.5,27,76,2.94,AR,1670384602
190,malinovoye ozero,51.6753,79.7825,-23.4,95,50,1.28,RU,1670384603
191,shahr-e babak,30.1165,55.1186,7.33,89,99,1.55,IR,1670384603
192,dingle,10.9995,122.6711,29.12,67,41,5.57,PH,1670384604
193,marawi,7.9986,124.2928,25.66,72,94,3.24,PH,1670384604
194,esperance,-33.8667,121.9,18.93,48,37,6.94,AU,1670384605
195,la ronge,55.1001,-105.2842,-29.86,69,0,3.09,CA,1670384605
196,tura,25.5198,90.2201,22.68,56,37,0.9,IN,1670384605
197,cherskiy,68.75,161.3,-25.69,98,100,4.98,RU,1670384606
198,deputatskiy,69.3,139.9,-30.77,92,91,1.91,RU,1670384606
199,znamenskoye,57.1281,73.8282,-20.88,100,97,1.34,RU,1670384607
200,kaeo,-35.1,173.7833,16.85,94,100,9.47,NZ,1670384607
201,feijo,-8.1642,-70.3536,23.38,82,99,0.89,BR,1670384607
202,geraldton,-28.7667,114.6,35.23,18,0,2.57,AU,1670384608
203,oskemen,49.9565,82.6119,-31.02,69,75,1.0,KZ,1670384608
204,broken hill,-31.95,141.4333,29.22,26,58,9.16,AU,1670384609
205,salinopolis,-0.6136,-47.3561,26.26,83,7,5.71,BR,1670384609
206,eureka,40.8021,-124.1637,4.96,93,0,0.45,US,1670384609
207,lata,40.1629,-8.3327,8.93,95,89,1.48,PT,1670384610
208,samana,19.2056,-69.3369,21.78,81,35,3.57,DO,1670384610
209,umm lajj,25.0213,37.2685,21.86,70,0,3.53,SA,1670384611
210,college,64.8569,-147.8028,-10.01,87,100,1.54,US,1670384611
211,nabire,-3.3667,135.4833,30.62,61,96,2.81,ID,1670384611
212,touros,-5.1989,-35.4608,25.02,83,36,5.17,BR,1670384612
213,pringsewu,-5.3582,104.9744,32.13,53,99,0.29,ID,1670384612
214,bayji,34.9311,43.487,12.31,54,0,0.87,IQ,1670384613
215,tiznit,29.5833,-9.5,14.08,66,52,1.29,MA,1670384613
216,ambilobe,-13.2,49.05,25.85,68,0,1.02,MG,1670384613
217,crawfordsville,40.0411,-86.8745,7.95,93,100,1.57,US,1670384614
218,cuamba,-14.8031,36.5372,21.95,82,99,1.75,MZ,1670384614
219,mirnyy,62.5353,113.9611,-10.98,85,100,4.92,RU,1670384615
220,sobolevo,54.4299,31.8996,-9.98,82,99,5.92,RU,1670384615
221,sampit,-2.5333,112.95,29.82,74,99,0.72,ID,1670384615
222,antanifotsy,-19.65,47.3167,15.58,80,49,1.44,MG,1670384616
223,poplar bluff,36.757,-90.3929,11.88,100,100,0.0,US,1670384616
224,makakilo city,21.3469,-158.0858,26.18,72,20,6.17,US,1670384616
225,lao cai,22.4833,103.95,16.8,87,100,0.59,VN,1670384617
226,imbituba,-28.24,-48.6703,21.92,89,79,2.66,BR,1670384617
227,tombouctou,20.0,-3.0,23.92,21,19,4.07,ML,1670384617
228,arsenyev,44.1631,133.2733,-5.04,57,63,4.51,RU,1670384618
229,hofn,64.2539,-15.2082,0.53,63,7,4.88,IS,1670384618
230,port hardy,50.6996,-127.4199,2.1,100,100,2.06,CA,1670384390
231,katsuura,35.1333,140.3,12.69,58,84,4.86,JP,1670384619
232,christchurch,-43.5333,172.6333,15.18,55,40,7.72,NZ,1670384406
233,shimoda,34.6667,138.95,14.2,58,7,9.38,JP,1670384619
234,luau,-10.7073,22.2247,17.05,98,100,1.5,AO,1670384620
235,kodiak,57.79,-152.4072,2.73,65,0,6.17,US,1670384620
236,lebu,-37.6167,-73.65,13.87,80,50,0.79,CL,1670384621
237,tasiilaq,65.6145,-37.6368,-0.91,85,6,4.23,GL,1670384621
238,trebinje,42.7119,18.3442,12.2,94,75,4.63,BA,1670384621
239,huangzhai,38.0751,112.6595,0.23,16,100,0.85,CN,1670384622
240,djambala,-2.5447,14.7533,18.97,94,100,1.22,CG,1670384622
241,merritt island,28.5392,-80.672,21.14,82,0,0.0,US,1670384623
242,pisco,-13.7,-76.2167,18.03,88,0,6.17,PE,1670384484
243,aasiaat,68.7098,-52.8699,-2.72,81,100,7.22,GL,1670384623
244,egvekinot,66.3167,-179.1667,-14.37,97,100,0.5,RU,1670384623
245,along,28.1667,94.7667,21.3,39,0,0.34,IN,1670384624
246,faya,18.3851,42.4509,9.06,70,0,1.24,SA,1670384624
247,teguldet,57.3064,88.1667,-13.93,93,100,4.6,RU,1670384625
248,talaya,61.3833,152.75,-34.22,98,91,1.01,RU,1670384625
249,anchorage,61.2181,-149.9003,-0.08,95,100,3.09,US,1670384625
250,senneterre,48.3835,-77.2328,-4.48,96,100,1.01,CA,1670384626
251,tarko-sale,64.9225,77.785,-19.29,95,37,5.26,RU,1670384626
252,hoquiam,46.9809,-123.8893,6.11,96,100,1.54,US,1670384626
253,guilin,25.2819,110.2864,11.06,56,14,2.77,CN,1670384627
254,talnakh,69.4865,88.3972,-10.34,96,100,4.68,RU,1670384569
255,atbasar,51.8,68.3333,-25.56,96,13,2.37,KZ,1670384627
256,cabo san lucas,22.8909,-109.9124,25.84,76,85,3.4,MX,1670384628
257,kampong thum,12.7111,104.8887,29.19,58,70,4.39,KH,1670384628
258,rocha,-34.4833,-54.3333,14.99,77,0,3.1,UY,1670384487
259,yangambi,0.8102,24.4336,19.92,98,94,0.75,CD,1670384628
260,osakarovka,50.565,72.5692,-22.63,98,17,2.7,KZ,1670384629
261,maniitsoq,65.4167,-52.9,0.18,89,100,9.53,GL,1670384630
262,chinsali,-10.5414,32.0816,17.73,86,100,1.33,ZM,1670384630
263,brae,60.3964,-1.353,2.78,67,100,10.91,GB,1670384630
264,iqaluit,63.7506,-68.5145,-10.15,57,100,5.14,CA,1670384631
265,kieta,-6.2167,155.6333,28.73,72,100,1.59,PG,1670384631
266,ola,59.5833,151.2833,-21.59,80,100,2.94,RU,1670384631
267,palmer,42.1584,-72.3287,11.59,85,100,2.06,US,1670384632
268,natal,-5.795,-35.2094,24.12,88,20,2.57,BR,1670384298
269,sabang,5.8933,95.3214,25.42,83,100,5.33,ID,1670384632
270,chapais,49.7834,-74.8492,-5.12,97,97,1.39,CA,1670384633
271,coquimbo,-29.9533,-71.3436,14.85,88,0,1.54,CL,1670384512
272,canutama,-6.5339,-64.3831,23.02,98,100,1.03,BR,1670384633
273,madanapalle,13.55,78.5,20.5,77,100,1.9,IN,1670384634
274,taoudenni,22.6783,-3.9836,24.41,24,0,1.13,ML,1670384634
275,kologriv,58.8275,44.3178,-7.0,73,100,4.65,RU,1670384635
276,sambava,-14.2667,50.1667,24.44,70,4,3.45,MG,1670384635
277,xuchang,34.0167,113.8167,10.14,48,34,3.07,CN,1670384635
278,cacequi,-29.8836,-54.825,22.38,70,0,5.26,BR,1670384636
279,vardo,70.3705,31.1107,1.99,93,100,4.63,NO,1670384636
280,naze,28.3667,129.4833,18.51,64,95,5.59,JP,1670384637
281,silvan,38.1419,41.0081,3.16,81,100,1.93,TR,1670384637
282,severo-kurilsk,50.6789,156.125,0.09,77,87,4.72,RU,1670384338
283,auki,-8.7676,160.7034,28.16,77,70,0.32,SB,1670384638
284,dhemaji,27.4833,94.5833,21.04,47,0,1.71,IN,1670384638
285,antofagasta,-23.65,-70.4,18.6,79,93,0.74,CL,1670384638
286,kushiro,42.975,144.3747,5.53,36,20,5.14,JP,1670384639
287,anadyr,64.75,177.4833,-10.72,85,75,3.0,RU,1670384639
288,effingham,32.3669,-81.3332,17.97,94,32,1.81,US,1670384640
289,kortkeros,61.8106,51.5806,-14.0,84,99,4.13,RU,1670384640
290,malanje,-9.5402,16.341,17.27,97,100,1.09,AO,1670384640
291,taltal,-25.4,-70.4833,17.45,84,52,0.37,CL,1670384421
292,mersing,2.4312,103.8405,29.95,74,40,3.6,MY,1670384641
293,henderson,36.0397,-114.9819,12.51,45,0,2.06,US,1670384641
294,salmas,38.1973,44.7653,-1.27,85,100,0.42,IR,1670384642
295,altay,47.8667,88.1167,-15.05,78,21,1.73,CN,1670384642
296,kaduna,10.5222,7.4383,18.71,30,100,3.57,NG,1670384643
297,grindavik,63.8424,-22.4338,0.26,86,75,4.12,IS,1670384643
298,pondicherry,11.93,79.83,24.49,78,100,6.48,IN,1670384644
299,port lincoln,-34.7333,135.8667,17.21,61,51,9.53,AU,1670384644
300,san patricio,28.017,-97.5169,22.92,90,72,5.11,US,1670384644
301,kristiinankaupunki,62.2743,21.376,-1.55,70,57,3.74,FI,1670384645
302,bilibino,68.0546,166.4372,-25.16,100,100,1.55,RU,1670384645
303,newport,51.5877,-2.9984,3.07,68,16,3.25,GB,1670384646
304,omsukchan,62.5333,155.8,-33.49,99,11,0.65,RU,1670384646
305,tazovskiy,67.4667,78.7,-11.26,89,100,7.4,RU,1670384647
306,georgetown,5.4112,100.3354,29.97,79,20,3.09,MY,1670384610
307,celestun,20.8667,-90.4,24.37,73,31,6.49,MX,1670384647
308,salalah,17.0151,54.0924,23.05,56,20,2.57,OM,1670384648
309,tshikapa,-6.4167,20.8,19.69,98,100,0.26,CD,1670384648
310,ridgecrest,35.6225,-117.6709,9.25,51,0,3.09,US,1670384649
311,isla mujeres,21.2311,-86.731,25.09,66,0,6.5,MX,1670384649
312,port-gentil,-0.7193,8.7815,25.97,83,100,4.89,GA,1670384650
313,hurghada,27.2574,33.8129,17.02,63,0,5.66,EG,1670384512
314,huilong,31.8111,121.655,11.6,47,4,2.42,CN,1670384650
315,beringovskiy,63.05,179.3167,-9.67,61,83,6.18,RU,1670384651
316,paranaiba,-19.6772,-51.1908,22.88,81,100,0.9,BR,1670384651
317,port augusta,-32.5,137.7667,22.11,41,14,11.61,AU,1670384651
318,novopokrovka,49.8425,36.5477,-6.94,66,0,5.88,UA,1670384652
319,ternate,0.8,127.4,28.95,69,97,3.03,ID,1670384652
320,tuatapere,-46.1333,167.6833,19.62,49,61,3.62,NZ,1670384653
321,chalmette,29.9427,-89.9634,22.22,91,0,5.14,US,1670384653
322,wanning,18.8003,110.3967,20.77,89,100,6.77,CN,1670384654
323,temiscaming,46.7212,-79.0971,-0.25,93,100,1.54,CA,1670384654
324,florida,28.7505,-82.5001,19.86,69,100,1.89,US,1670384366
325,emba,48.8264,58.1442,-16.17,87,11,3.41,KZ,1670384655
326,pointe michel,15.25,-61.3833,25.32,71,42,2.17,DM,1670384655
327,batouri,4.4333,14.3667,22.38,48,99,0.56,CM,1670384655
328,vagur,61.4732,-6.8119,3.39,66,91,9.04,FO,1670384656
329,baiao,-2.7906,-49.6717,23.11,89,9,0.38,BR,1670384656
330,nemuro,43.3236,145.575,4.18,52,76,8.07,JP,1670384657
331,mapiripan,2.8892,-72.1256,22.78,84,54,2.0,CO,1670384657
332,gat,31.61,34.7642,15.22,84,8,2.59,IL,1670384658
333,mackay,-21.15,149.2,37.05,58,0,5.77,AU,1670384359
334,acapulco,16.8634,-99.8901,25.9,83,0,0.0,MX,1670384568
335,karratha,-20.7377,116.8463,34.43,32,1,8.41,AU,1670384659
336,shingu,33.7333,135.9833,11.98,50,60,5.49,JP,1670384659
337,hamilton,39.1834,-84.5333,13.44,97,100,2.57,US,1670384660
338,apex,35.7327,-78.8503,15.46,92,100,0.0,US,1670384578
339,pouembout,-21.1333,164.9,25.4,89,99,0.94,NC,1670384660
340,tomari,47.7658,142.0683,-4.43,59,100,7.99,RU,1670384661
341,anloga,5.7947,0.8973,27.01,83,94,4.92,GH,1670384661
342,ipixuna,-1.7625,-48.8043,23.23,92,7,1.42,BR,1670384661
343,roxana,10.2753,-83.7513,20.21,96,3,1.73,CR,1670384333
344,tokur,53.1333,132.9,-19.98,90,100,2.79,RU,1670384662
345,codrington,-38.2667,141.9667,15.96,57,98,8.25,AU,1670384662
346,severnyy,50.677,36.5532,-10.98,85,0,7.0,RU,1670384663
347,tosya,41.0155,34.0401,1.78,82,21,1.2,TR,1670384663
348,atherton,53.5237,-2.4935,1.5,87,58,1.53,GB,1670384663
349,pevek,69.7008,170.3133,-20.29,100,90,0.86,RU,1670384664
350,bay city,43.5945,-83.8889,5.18,91,100,3.09,US,1670384625
351,tessalit,20.1986,1.0114,22.14,17,55,4.05,ML,1670384664
352,sorong,-0.8833,131.25,29.51,64,100,3.26,ID,1670384665
353,okhotsk,59.3833,143.3,-24.93,93,42,2.48,RU,1670384665
354,havelock,34.8791,-76.9013,18.99,89,40,2.57,US,1670384666
355,grand gaube,-20.0064,57.6608,26.88,70,6,5.81,MU,1670384666
356,itaituba,-4.2761,-55.9836,22.53,97,99,0.88,BR,1670384667
357,souillac,-20.5167,57.5167,25.21,83,75,5.66,MU,1670384667
358,bilma,18.6853,12.9164,18.83,17,100,2.93,NE,1670384668
359,bathsheba,13.2167,-59.5167,23.36,96,20,2.57,BB,1670384668
360,kupang,-10.1667,123.5833,30.32,74,40,3.09,ID,1670384668
361,lincoln,40.8,-96.667,0.71,71,0,2.06,US,1670384455
362,cervo,43.6702,-7.4101,12.18,86,100,1.84,ES,1670384669
363,mahajanga,-15.7167,46.3167,24.01,69,20,2.57,MG,1670384670
364,lorengau,-2.0226,147.2712,27.32,82,97,3.04,PG,1670384670
365,panzhihua,26.5851,101.7128,17.42,44,0,0.24,CN,1670384670
366,yongan,39.6957,113.6871,-0.4,20,17,1.69,CN,1670384671
367,maumere,-8.6199,122.2111,29.63,61,100,0.15,ID,1670384671
368,rakitnoye,50.8389,35.8515,-7.43,68,0,6.52,RU,1670384672
369,olafsvik,64.8945,-23.7142,3.77,76,94,2.51,IS,1670384672
370,la crosse,43.8014,-91.2396,0.07,86,0,0.0,US,1670384393
371,jinan,36.6683,116.9972,9.35,37,6,1.98,CN,1670384673
372,tommot,58.9564,126.2925,-18.74,93,98,2.71,RU,1670384673
373,abu samrah,35.3029,37.1841,10.28,75,6,0.89,SY,1670384673
374,kyaikkami,16.08,97.5675,27.89,68,66,3.45,MM,1670384674
375,francisco sa,-16.4758,-43.4883,22.08,93,81,1.79,BR,1670384674
376,jucuaran,13.2539,-88.2478,17.92,80,2,1.14,SV,1670384675
377,ahipara,-35.1667,173.1667,17.51,82,100,8.46,NZ,1670384675
378,arkhangelskoye,55.8549,35.3287,-8.75,69,85,4.7,RU,1670384675
379,luanda,-8.8368,13.2343,25.0,88,75,0.0,AO,1670384676
380,deniliquin,-35.5333,144.9667,27.5,24,87,5.92,AU,1670384676
381,putina,-15.4667,-69.4333,6.43,79,79,3.5,PE,1670384676
382,buchanan,5.8808,-10.0467,25.18,87,36,1.09,LR,1670384677
383,ilebo,-4.3167,20.5833,20.14,99,99,0.3,CD,1670384677
384,maarianhamina,60.0973,19.9348,-7.08,93,0,0.51,AX,1670384678
385,aknada,42.4016,46.1723,-8.23,86,27,2.1,RU,1670384678
386,rocky mountain house,52.3668,-114.9188,-19.94,77,100,3.6,CA,1670384678
387,trelew,-43.249,-65.3051,16.83,44,71,4.85,AR,1670384649
388,cururupu,-1.8283,-44.8683,23.7,88,16,1.56,BR,1670384679
389,gazojak,41.1875,61.4036,-5.34,39,0,2.32,TM,1670384679
390,jaca,42.569,-0.5499,3.88,85,85,1.59,ES,1670384680
391,tomatlan,19.9333,-105.25,21.63,95,0,1.19,MX,1670384680
392,torbay,47.6666,-52.7314,2.09,97,100,5.14,CA,1670384633
393,kudahuvadhoo,2.6708,72.8944,26.41,80,75,5.36,MV,1670384681
394,andijon,40.7821,72.3442,0.88,75,100,2.06,UZ,1670384681
395,gariaband,20.635,82.0614,21.53,34,25,1.93,IN,1670384681
396,alice springs,-23.7,133.8833,38.75,12,13,3.09,AU,1670384682
397,guiuan,11.0333,125.7247,27.88,72,71,6.41,PH,1670384682
398,huambo,-12.7761,15.7392,13.63,95,99,2.06,AO,1670384683
399,gubkinskiy,64.434,76.5026,-18.38,93,50,5.25,RU,1670384684
400,saint austell,50.3383,-4.7658,3.94,80,17,2.57,GB,1670384685
401,pokhara,28.2333,83.9833,18.69,38,0,1.92,NP,1670383944
402,kodinsk,58.6881,99.1844,-12.52,93,100,5.72,RU,1670384686
403,havre,49.5833,0.3333,4.87,100,75,1.03,FR,1670384686
404,camaqua,-30.8511,-51.8122,17.81,98,7,0.99,BR,1670384686
405,kamaishi,39.2667,141.8833,5.9,75,64,2.34,JP,1670384687
406,dzialdowo,53.2396,20.17,0.14,99,100,3.56,PL,1670384687
407,leningradskaya,46.3214,39.3877,-7.27,70,49,7.56,RU,1670384687
408,fox lake,42.3967,-88.1837,4.23,91,99,0.89,US,1670384688
409,mbandaka,0.0487,18.2603,21.07,95,72,1.81,CD,1670384688
410,malacacheta,-17.8422,-42.0767,17.49,97,100,0.67,BR,1670384688
411,kilindoni,-7.9139,39.6668,27.07,75,26,4.21,TZ,1670384689
412,te karaka,-38.4654,177.8679,14.11,77,100,2.67,NZ,1670384689
413,santa cruz de tenerife,28.4682,-16.2546,20.25,84,0,0.89,ES,1670384109
414,chivay,-15.6383,-71.6011,7.99,72,100,1.15,PE,1670384690
415,viedma,-40.8135,-62.9967,17.32,53,53,8.88,AR,1670384427
416,rudbar,30.15,62.6,11.4,38,6,0.87,AF,1670384690
417,honiara,-9.4333,159.95,28.51,79,89,1.26,SB,1670384690
418,taitung,22.7583,121.1444,26.15,65,20,3.09,TW,1670384691
419,kermanshah,34.3142,47.065,0.5,75,40,0.0,IR,1670384691
420,vao,-22.6667,167.4833,24.37,87,99,2.99,NC,1670384691
421,deep river,46.1001,-77.4995,2.75,99,100,1.75,CA,1670384692
422,nachingwea,-10.3833,38.7667,23.65,77,53,1.82,TZ,1670384692
423,isakly,54.1333,51.5333,-18.75,96,16,1.44,RU,1670384693
424,trairi,-3.2778,-39.2689,25.52,76,9,4.63,BR,1670384436
425,santana do livramento,-30.8908,-55.5328,19.44,70,0,2.84,BR,1670384693
426,thinadhoo,0.5333,72.9333,27.95,72,48,6.46,MV,1670384428
427,guadalajara,20.6667,-103.3333,19.99,70,0,2.06,MX,1670384462
428,the pas,53.8251,-101.2541,-29.99,76,0,5.14,CA,1670384694
429,maltahohe,-24.8333,16.9833,15.48,28,0,2.85,NA,1670384694
430,nouadhibou,20.931,-17.0347,18.99,88,56,4.12,MR,1670384695
431,mount gambier,-37.8333,140.7667,15.89,58,80,6.98,AU,1670384695
432,san cristobal,7.7669,-72.225,19.1,94,31,1.25,VE,1670384696
433,nioro,13.35,-15.75,23.88,50,6,2.75,GM,1670384696
434,vila franca do campo,37.7167,-25.4333,14.23,86,61,8.25,PT,1670384696
435,barvinkove,48.9097,37.0205,-6.69,65,43,6.41,UA,1670384697
436,tocopilla,-22.092,-70.1979,19.04,75,96,0.73,CL,1670384697
437,srednekolymsk,67.45,153.6833,-30.67,96,100,7.21,RU,1670384697
438,chumikan,54.7183,135.315,-17.5,78,70,7.5,RU,1670384698
439,dinajpur,25.6272,88.6386,21.89,43,11,3.17,BD,1670384698
440,general higinio morinigo,-25.95,-55.9167,22.23,79,9,1.75,PY,1670384699
441,wangkui,46.8333,126.5,-8.43,71,7,4.4,CN,1670384699
442,kirkenaer,60.4564,12.0582,-10.34,96,87,1.46,NO,1670384699
443,baft,29.234,56.6057,7.13,74,80,2.13,IR,1670384700
444,marrakesh,31.6315,-8.0083,13.04,76,40,0.51,MA,1670384700
445,minab,27.1467,57.0801,23.19,52,1,0.92,IR,1670384701
446,povenets,62.8487,34.8262,-5.16,94,100,4.55,RU,1670384701
447,saint-jean-de-maurienne,45.1667,6.5833,-8.83,67,1,0.7,FR,1670384701
448,flinders,-34.5833,150.8552,28.92,37,89,4.92,AU,1670384665
449,churapcha,62.0025,132.4325,-36.84,100,87,1.35,RU,1670384702
450,mujiayingzi,42.1167,118.7833,-2.27,19,7,5.63,CN,1670384703
451,hamirpur,25.95,80.15,18.52,35,0,3.25,IN,1670384703
452,kavaratti,10.5669,72.642,27.44,71,100,2.42,IN,1670384704
453,kurilsk,45.2333,147.8833,2.2,67,100,6.56,RU,1670384704
454,shache,38.4167,77.2406,-1.89,32,9,0.3,CN,1670384705
455,constitucion,-35.3333,-72.4167,14.64,65,0,3.91,CL,1670384542
456,isangel,-19.55,169.2667,29.06,70,100,2.9,VU,1670384640
457,duluth,46.7833,-92.1066,-8.29,84,100,4.12,US,1670384429
458,neiafu,-18.65,-173.9833,30.38,74,40,3.6,TO,1670384696
459,vagay,57.9375,69.0217,-20.43,98,38,1.91,RU,1670384706
460,san carlos,9.6612,-68.5827,18.66,77,43,2.22,VE,1670384707
461,saint-francois,46.4154,3.9054,1.69,93,100,3.09,FR,1670384707
462,lufilufi,-13.8745,-171.5986,29.88,75,99,5.72,WS,1670384708
463,plettenberg bay,-34.0527,23.3716,16.28,82,2,2.37,ZA,1670384709
464,katherine,-14.4667,132.2667,35.18,38,76,2.06,AU,1670384647
465,sakaraha,-22.9,44.5333,25.06,66,5,1.19,MG,1670384429
466,arona,28.0996,-16.681,17.99,81,75,4.63,ES,1670384710
467,half moon bay,37.4636,-122.4286,11.28,89,0,0.0,US,1670384710
468,dom pedrito,-30.9828,-54.6731,19.01,82,0,2.64,BR,1670384710
469,campbellton,48.0075,-66.6727,1.25,95,100,2.52,CA,1670384711
470,saint anthony,45.0205,-93.218,-4.32,81,100,2.06,US,1670384712
471,dir,35.2058,71.8756,9.4,31,70,3.2,PK,1670384713
472,leningradskiy,69.3833,178.4167,-20.98,96,5,2.12,RU,1670384713
473,road town,18.4167,-64.6167,26.05,66,7,8.07,VG,1670384416
474,lilongwe,-13.9669,33.7873,20.54,74,84,0.21,MW,1670384496
475,necochea,-38.5473,-58.7368,15.88,79,11,5.25,AR,1670384714
476,yucca valley,34.1142,-116.4322,9.43,58,35,1.34,US,1670384715
477,cap malheureux,-19.9842,57.6142,26.93,70,4,5.81,MU,1670384715
478,bemidji,47.4736,-94.8803,-11.72,84,0,4.12,US,1670384716
479,zyryanka,65.75,150.85,-35.16,87,100,3.51,RU,1670384716
480,valentin gomez farias,28.2167,-106.5833,13.97,74,100,1.61,MX,1670384717
481,ronne,55.1009,14.7066,1.95,87,100,2.57,DK,1670384717
482,carson city,39.1638,-119.7674,1.46,74,0,2.57,US,1670384685
483,mana,5.6592,-53.7767,24.31,93,91,3.57,GF,1670384718
484,murdochville,48.9583,-65.5006,-0.51,87,100,2.88,CA,1670384719
485,puerto madryn,-42.7692,-65.0385,16.24,61,4,6.81,AR,1670384719
486,dryden,49.7833,-92.7503,-20.84,84,20,2.06,CA,1670384720
487,noumea,-22.2763,166.4572,28.33,99,96,3.24,NC,1670384588
488,qaqortoq,60.7167,-46.0333,1.41,98,100,1.76,GL,1670384657
489,rorvik,64.8621,11.2373,0.06,93,75,1.03,NO,1670384720
490,boyolangu,-8.1181,111.8935,28.61,70,96,1.96,ID,1670384721
491,barcelona,41.3888,2.159,11.97,86,20,3.6,ES,1670384138
492,hambantota,6.1241,81.1185,26.19,100,20,3.6,LK,1670384452
493,nyuksenitsa,60.4128,44.2397,-5.48,68,100,4.94,RU,1670384721
494,komsomolskiy,40.4272,71.7189,0.4,74,75,2.06,UZ,1670384722
495,sundsvall,62.3913,17.3063,-6.13,69,3,1.03,SE,1670384722
496,igarka,67.4667,86.5833,-15.26,93,92,5.36,RU,1670384554
497,taybad,34.74,60.7756,0.23,93,100,2.46,IR,1670384723
498,alyangula,-13.8483,136.4192,31.22,54,85,5.2,AU,1670384723
499,bandarbeyla,9.4942,50.8122,25.19,70,98,5.66,SO,1670384724
500,santa vitoria do palmar,-33.5189,-53.3681,17.26,95,0,2.48,BR,1670384724
501,rio grande,-32.035,-52.0986,19.25,90,0,2.74,BR,1670384724
502,san quintin,30.4833,-115.95,13.89,74,0,4.22,MX,1670384725
503,kedrovyy,56.1667,91.8167,-13.77,92,100,5.23,RU,1670384726
504,porbandar,21.6422,69.6093,18.99,52,2,0.0,IN,1670384695
505,marienburg,54.0359,19.0266,4.91,98,100,3.5,PL,1670384726
506,quelimane,-17.8786,36.8883,25.97,94,75,3.6,MZ,1670384727
507,kozan,37.4552,35.8157,12.87,63,70,1.61,TR,1670384727
508,chernyshevskiy,63.0128,112.4714,-11.17,89,100,6.18,RU,1670384728
509,yerbogachen,61.2767,108.0108,-11.31,91,100,6.84,RU,1670384728
510,lompoc,34.6391,-120.4579,10.43,92,0,0.0,US,1670384729
511,yol,32.1667,76.2,17.53,22,32,0.89,IN,1670384729
512,olinda,-8.0089,-34.8553,25.85,78,40,2.06,BR,1670384730
513,naryan-mar,67.6713,53.087,-9.09,93,100,5.95,RU,1670384730
514,nhulunbuy,-12.2333,136.7667,32.34,55,40,4.12,AU,1670384731
515,ampanihy,-24.7,44.75,26.82,63,98,2.35,MG,1670384731
516,ossora,59.2353,163.0719,-11.04,85,100,2.93,RU,1670384732
517,heihe,50.2441,127.4902,-18.68,89,84,1.15,CN,1670384732
518,klaksvik,62.2266,-6.589,2.51,74,100,11.28,FO,1670384733
519,san luis,-33.295,-66.3356,23.18,51,1,5.73,AR,1670384733
520,garowe,8.4054,48.4845,20.83,75,66,4.44,SO,1670384734
521,orsha,54.5153,30.4053,-9.65,84,100,6.92,BY,1670384735
522,davila,18.4726,120.5763,27.99,80,62,9.72,PH,1670384735
523,ciudad bolivar,8.1222,-63.5497,24.41,78,100,3.74,VE,1670384736
524,dongsheng,39.8161,109.9776,-2.57,27,29,2.57,CN,1670384736
525,miri,4.4148,114.0089,31.2,74,40,2.57,MY,1670384737
526,bograd,54.2344,90.8328,-20.04,90,27,1.15,RU,1670384737
527,margate,51.3813,1.3862,4.83,91,10,2.24,GB,1670384532
528,conakry,9.538,-13.6773,26.89,74,34,2.06,GN,1670384719
529,trincomalee,8.5711,81.2335,26.3,78,100,6.38,LK,1670384738
530,kamenka,51.3223,42.7678,-10.61,70,4,4.32,RU,1670384738
531,little current,45.9793,-81.9248,0.7,95,100,2.91,CA,1670384739
532,andra,62.5147,65.8878,-20.17,99,85,1.83,RU,1670384739
533,barcelos,41.5388,-8.6151,13.29,88,93,1.9,PT,1670384740
534,borovoy,55.4333,86.0833,-18.4,78,40,2.0,RU,1670384740
535,ogembo,-0.7984,34.7253,13.95,86,100,1.78,KE,1670384740
536,tangjiazhuang,39.7333,118.45,3.81,15,9,2.12,CN,1670384741
537,saint-augustin,51.226,-58.6502,-6.06,92,66,2.1,CA,1670384741
538,paredon,16.0333,-93.8667,25.09,63,15,1.98,MX,1670384742
539,mugur-aksy,50.35,90.5,-18.45,73,94,1.21,RU,1670384742
540,port-cartier,50.0334,-66.8654,2.12,96,100,3.07,CA,1670384742
541,boguchany,58.3814,97.4531,-12.53,93,100,5.53,RU,1670384743
542,cockburn town,21.4612,-71.1419,26.01,58,36,8.63,TC,1670384531
543,careiro da varzea,-3.2003,-59.8119,26.34,73,69,1.27,BR,1670384743
544,chamba,32.5667,76.1333,17.95,17,46,1.9,IN,1670384744
545,cruzeiro do sul,-29.5128,-51.9853,18.93,98,0,0.66,BR,1670384744
546,morondava,-20.2833,44.2833,27.03,67,5,2.19,MG,1670384725
547,shirokiy,49.758,129.523,-14.73,91,100,2.4,RU,1670384744
